{
  "ticket_search_by_id": {
    "response_times": [
      0.0,
      0.9233951568603516,
      0.0,
      0.0,
      0.9949207305908203,
      0.0,
      0.0,
      1.0006427764892578,
      0.0,
      0.0,
      0.0,
      1.0085105895996094,
      0.9930133819580078,
      0.0,
      0.0,
      0.0,
      0.0,
      0.0,
      0.9953975677490234,
      0.0,
      0.0,
      0.0,
      0.0,
      0.0,
      1.001119613647461,
      0.0,
      0.0,
      1.0111331939697266,
      0.0,
      0.0,
      0.0,
      0.0,
      0.0,
      1.0018348693847656,
      0.0,
      0.0,
      0.0,
      0.0,
      0.9946823120117188,
      0.0,
      0.0,
      0.0,
      1.02996826171875,
      0.0,
      0.0,
      0.0,
      0.0,
      0.9863376617431641,
      0.0,
      0.0,
      0.0,
      0.0,
      0.9813308715820312,
      0.0,
      0.0,
      0.0,
      0.0,
      0.0,
      1.0941028594970703,
      0.0,
      0.0,
      0.9849071502685547,
      0.0,
      0.0,
      0.0,
      0.0,
      1.0077953338623047,
      0.0,
      0.0,
      0.0,
      0.0,
      0.0,
      0.0,
      1.0004043579101562,
      0.0,
      0.0,
      0.0,
      0.9992122650146484,
      0.0,
      0.0,
      0.0,
      0.9951591491699219,
      0.0,
      0.0,
      0.0,
      0.0,
      1.0564327239990234,
      0.0,
      0.0,
      0.0,
      0.0,
      0.0,
      0.0,
      0.9336471557617188,
      0.0,
      0.0,
      0.0,
      0.0,
      0.0,
      0.99945068359375
    ],
    "success_rate": 100.0,
    "errors": [],
    "statistics": {
      "count": 100,
      "mean": 0.21993398666381836,
      "median": 0.0,
      "min": 0.0,
      "max": 1.0941028594970703,
      "std_dev": 0.416504020901807,
      "p95": 1.00783109664917,
      "p99": 1.0568094253540041
    }
  },
  "ticket_search_by_description": {
    "response_times": [
      91.0639762878418,
      85.55340766906738,
      160.54582595825195,
      88.57035636901855,
      97.5654125213623,
      85.5569839477539,
      79.55241203308105,
      88.54794502258301,
      80.00445365905762,
      78.60064506530762,
      97.08499908447266,
      96.10390663146973,
      176.51748657226562,
      124.53460693359375,
      92.5595760345459,
      79.54835891723633,
      79.45990562438965,
      79.00428771972656,
      80.53302764892578,
      76.54190063476562,
      77.5301456451416,
      83.54401588439941,
      80.00349998474121,
      84.53989028930664,
      87.58783340454102,
      83.57596397399902,
      75.54888725280762,
      79.00738716125488,
      80.53302764892578,
      72.52693176269531,
      82.59916305541992,
      82.60440826416016,
      76.00688934326172,
      76.98965072631836,
      85.55006980895996,
      83.55975151062012,
      89.57886695861816,
      103.56473922729492,
      89.74170684814453,
      95.03054618835449,
      89.78557586669922,
      80.00397682189941,
      88.54293823242188,
      78.30357551574707,
      72.62134552001953,
      80.5518627166748,
      74.9962329864502,
      80.54351806640625,
      86.56644821166992,
      82.54384994506836
    ],
    "relevant_results": [
      172,
      574,
      190,
      211,
      314,
      182,
      172,
      182,
      173,
      164,
      164,
      182,
      164,
      604,
      211,
      308,
      142,
      161,
      173,
      143,
      574,
      231,
      211,
      139,
      438,
      477,
      438,
      142,
      173,
      306,
      172,
      574,
      507,
      211,
      306,
      167,
      211,
      477,
      173,
      139,
      477,
      477,
      142,
      172,
      164,
      295,
      172,
      411,
      211,
      173
    ],
    "errors": [],
    "statistics": {
      "count": 50,
      "mean": 88.03064346313477,
      "median": 83.07421207427979,
      "min": 72.52693176269531,
      "max": 176.51748657226562,
      "std_dev": 18.878680653913477,
      "p95": 115.09816646575922,
      "p99": 168.6913728713989
    }
  },
  "context_retrieval": {
    "response_times": [
      209.12432670593262,
      212.42928504943848,
      219.24328804016113,
      209.15818214416504,
      215.77811241149902,
      216.95852279663086,
      265.47837257385254,
      209.67388153076172,
      228.23071479797363,
      214.17856216430664,
      216.93825721740723,
      215.12198448181152,
      212.15367317199707,
      217.90146827697754,
      210.12282371520996,
      217.64588356018066,
      236.08970642089844,
      258.00490379333496,
      221.13871574401855,
      244.20428276062012
    ],
    "context_length": [
      24022,
      37352,
      47679,
      17617,
      8696,
      7538,
      7420,
      9647,
      14832,
      41632,
      39877,
      7030,
      6209,
      17977,
      8185,
      65844,
      7583,
      7866,
      20409,
      6661
    ],
    "errors": [],
    "statistics": {
      "count": 20,
      "mean": 222.4787473678589,
      "median": 216.94839000701904,
      "min": 209.12432670593262,
      "max": 265.47837257385254,
      "std_dev": 16.168656279205383,
      "p95": 258.37857723236084,
      "p99": 264.0584135055542
    }
  }
}